{
  "name": "Tabr - Beautiful New Tab",
  "version": "1.0.3",
  "description": "Replace your new tab with stunning high-resolution photos, featuring image sources from Unsplash and Pixabay.",
  "buildTime": "2025-06-09T06:21:14.431Z",
  "files": [
    "dist/ICONS_README.md",
    "dist/README.md",
    "dist/assets/newtab-B47F3HUS.js",
    "dist/assets/newtab-wdnNGFyy.css",
    "dist/icon-128.png",
    "dist/icon-16.png",
    "dist/icon-48.png",
    "dist/src/newtab.html",
    "manifest.json",
    "public/ICONS_README.md",
    "public/README.md",
    "public/icon-128.png",
    "public/icon-16.png",
    "public/icon-48.png"
  ],
  "packageVersion": "1.0.0"
}