{
  "name": "Tabr - Beautiful New Tab",
  "version": "1.0.1",
  "description": "用精美的高清照片替换您的新标签页，支持Unsplash和Pixabay图片源",
  "buildTime": "2025-06-05T10:39:36.937Z",
  "files": [
    "dist/ICONS_README.md",
    "dist/README.md",
    "dist/assets/newtab-CJov3uJz.js",
    "dist/assets/newtab-D6scS4GZ.css",
    "dist/icon-128.png",
    "dist/icon-16.png",
    "dist/icon-48.png",
    "dist/src/newtab.html",
    "manifest.json",
    "public/ICONS_README.md",
    "public/README.md",
    "public/icon-128.png",
    "public/icon-16.png",
    "public/icon-48.png"
  ],
  "packageVersion": "1.0.0"
}